County_ID,Home_price
01001,"$153,716"
01003,"$209,494"
01005,"$100,423"
01007,"$101,799"
01009,"$131,548"
01011,"$83,776"
01013,"$95,450"
01015,"$129,654"
01017,"$95,559"
01019,"$133,068"
01021,"$107,812"
01023,"$81,290"
01025,"$108,963"
01027,"$110,476"
01029,"$121,070"
01031,"$161,174"
01033,"$117,664"
01035,"$82,803"
01037,"$95,018"
01039,"$103,233"
01041,"$85,938"
01043,"$138,041"
01045,"$119,016"
01047,"$89,289"
01049,"$121,070"
01051,"$172,840"
01053,"$106,152"
01055,"$127,089"
01057,"$90,586"
01059,"$94,910"
01061,"$98,297"
01063,"$68,952"
01065,"$96,263"
01067,"$122,578"
01069,"$141,321"
01071,"$113,827"
01073,"$176,065"
01075,"$83,452"
01077,"$163,589"
01079,"$111,355"
01081,"$192,531"
01083,"$177,835"
01085,"$68,907"
01087,"$85,938"
01089,"$207,726"
01091,"$97,288"
01093,"$93,505"
01095,"$147,229"
01097,"$140,607"
01099,"$111,341"
01101,"$140,101"
01103,"$145,115"
01105,"$71,236"
01107,"$105,395"
01109,"$126,907"
01111,"$95,883"
01113,"$128,489"
01115,"$181,446"
01117,"$229,866"
01119,"$80,641"
01121,"$125,177"
01123,"$116,530"
01125,"$180,480"
01127,"$115,935"
01129,"$92,099"
01131,"$88,856"
01133,"$94,910"
02013,"$131,679"
02016,"$265,392"
02020,"$331,849"
02050,"$117,976"
02060,"$192,166"
02068,"$217,859"
02070,"$196,127"
02090,"$266,907"
02100,"$276,312"
02110,"$368,273"
02122,"$256,721"
02130,"$291,514"
02150,"$294,404"
02164,"$128,681"
02170,"$260,067"
02180,"$160,156"
02185,"$153,090"
02188,"$140,672"
02220,"$373,947"
02240,"$196,983"
02261,"$246,015"
02282,"$181,246"
02290,"$83,183"
04001,"$56,441"
04003,"$153,459"
04005,"$308,890"
04007,"$170,078"
04009,"$137,055"
04011,"$88,924"
04012,"$83,744"
04013,"$294,674"
04015,"$203,346"
04017,"$134,465"
04019,"$209,380"
04021,"$213,127"
04023,"$160,257"
04025,"$277,665"
04027,"$147,375"
05001,"$87,229"
05003,"$74,604"
05005,"$134,391"
05007,"$207,816"
05009,"$130,322"
05011,"$81,177"
05013,"$72,412"
05015,"$132,304"
05017,"$65,735"
05019,"$105,280"
05021,"$75,543"
05023,"$138,147"
05025,"$84,792"
05027,"$86,394"
05029,"$105,802"
05031,"$156,024"
05033,"$121,576"
05035,"$117,639"
05037,"$87,229"
05039,"$69,491"
05041,"$65,526"
05043,"$101,837"
05045,"$165,624"
05047,"$97,968"
05049,"$97,559"
05051,"$155,296"
05053,"$131,650"
05055,"$118,009"
05057,"$82,847"
05059,"$95,889"
05061,"$96,515"
05063,"$109,766"
05065,"$85,038"
05067,"$69,804"
05069,"$85,916"
05071,"$103,193"
05073,"$66,048"
05075,"$78,986"
05077,"$75,856"
05079,"$76,007"
05081,"$75,334"
05083,"$94,115"
05085,"$138,900"
05087,"$113,258"
05089,"$124,165"
05091,"$119,367"
05093,"$86,290"
05095,"$67,091"
05097,"$111,332"
05099,"$67,300"
05101,"$109,662"
05103,"$75,334"
05105,"$98,815"
05107,"$71,160"
05109,"$85,872"
05111,"$78,690"
05113,"$94,011"
05115,"$130,426"
05117,"$70,952"
05119,"$170,596"
05121,"$85,977"
05123,"$66,048"
05125,"$163,138"
05127,"$75,960"
05129,"$102,254"
05131,"$145,600"
05133,"$82,638"
05135,"$84,516"
05137,"$118,844"
05139,"$86,394"
05141,"$106,010"
05143,"$179,396"
05145,"$128,652"
05147,"$69,074"
05149,"$115,297"
06001,"$832,582"
06003,"$369,943"
06005,"$314,187"
06007,"$306,635"
06009,"$315,565"
06011,"$264,790"
06013,"$662,506"
06015,"$216,242"
06017,"$506,756"
06019,"$284,187"
06021,"$235,322"
06023,"$345,987"
06025,"$222,567"
06027,"$278,147"
06029,"$238,148"
06031,"$242,654"
06033,"$260,444"
06035,"$195,254"
06037,"$646,140"
06039,"$288,029"
06041,"$1,059,218"
06043,"$285,673"
06045,"$404,818"
06047,"$274,217"
06049,"$141,299"
06051,"$345,987"
06053,"$591,631"
06055,"$678,449"
06057,"$483,364"
06059,"$733,573"
06061,"$508,631"
06063,"$248,996"
06065,"$379,304"
06067,"$392,408"
06069,"$486,880"
06071,"$367,350"
06073,"$626,184"
06075,"$1,182,325"
06077,"$378,663"
06079,"$611,028"
06081,"$1,195,477"
06083,"$641,317"
06085,"$1,089,740"
06087,"$834,259"
06089,"$278,911"
06091,"$183,594"
06093,"$197,480"
06095,"$456,998"
06097,"$668,245"
06099,"$332,315"
06101,"$341,166"
06103,"$215,606"
06105,"$301,679"
06107,"$232,511"
06109,"$295,637"
06111,"$633,880"
06113,"$480,929"
06115,"$296,798"
08001,"$358,366"
08003,"$167,802"
08005,"$409,502"
08007,"$314,829"
08009,"$87,577"
08011,"$85,872"
08013,"$570,674"
08014,"$463,977"
08015,"$357,872"
08017,"$110,803"
08019,"$372,559"
08021,"$125,292"
08023,"$120,605"
08025,"$76,390"
08027,"$279,351"
08029,"$233,325"
08031,"$454,062"
08033,"$123,481"
08035,"$530,870"
08037,"$573,831"
08039,"$444,044"
08041,"$311,424"
08043,"$173,982"
08045,"$360,003"
08047,"$352,105"
08049,"$315,149"
08051,"$361,601"
08053,"$352,758"
08055,"$167,483"
08057,"$208,181"
08059,"$459,385"
08061,"$85,339"
08063,"$150,010"
08065,"$227,998"
08067,"$399,955"
08069,"$413,805"
08071,"$156,722"
08073,"$144,576"
08075,"$164,606"
08077,"$244,512"
08079,"$312,805"
08081,"$181,866"
08083,"$221,925"
08085,"$226,826"
08087,"$195,929"
08089,"$97,911"
08091,"$447,366"
08093,"$297,212"
08095,"$165,671"
08097,"$664,178"
08099,"$100,255"
08101,"$185,826"
08103,"$216,385"
08105,"$171,851"
08107,"$543,999"
08109,"$159,279"
08111,"$305,453"
08113,"$523,224"
08115,"$93,010"
08117,"$599,827"
08119,"$300,236"
08121,"$147,773"
08123,"$338,087"
08125,"$182,825"
09001,"$445,210"
09003,"$252,503"
09005,"$265,139"
09007,"$296,484"
09009,"$262,445"
09011,"$247,745"
09013,"$274,441"
09015,"$214,617"
10001,"$248,889"
10003,"$286,459"
11001,"$644,821"
12001,"$205,378"
12003,"$129,431"
12005,"$186,159"
12007,"$102,737"
12009,"$234,362"
12011,"$290,949"
12013,"$85,931"
12015,"$213,967"
12017,"$145,438"
12019,"$208,545"
12021,"$383,804"
12023,"$131,169"
12027,"$89,208"
12029,"$78,744"
12031,"$205,012"
12033,"$158,993"
12037,"$147,446"
12039,"$108,491"
12041,"$104,019"
12043,"$80,752"
12045,"$158,862"
12047,"$75,150"
12049,"$86,460"
12051,"$86,671"
12053,"$165,005"
12055,"$111,827"
12057,"$250,252"
12059,"$98,509"
12061,"$231,079"
12063,"$104,428"
12065,"$129,203"
12067,"$111,932"
12069,"$216,926"
12071,"$246,655"
12073,"$230,900"
12075,"$105,062"
12077,"$70,394"
12079,"$92,379"
12081,"$267,768"
12083,"$162,367"
12085,"$313,965"
12086,"$332,349"
12087,"$572,769"
12089,"$241,197"
12091,"$255,441"
12093,"$94,915"
12095,"$275,411"
12097,"$232,770"
12099,"$314,217"
12101,"$187,823"
12103,"$232,277"
12105,"$173,351"
12107,"$95,761"
12109,"$346,861"
12111,"$225,903"
12113,"$220,501"
12115,"$275,461"
12117,"$284,344"
12119,"$269,737"
12121,"$100,623"
12123,"$87,622"
12125,"$110,347"
12127,"$205,404"
12129,"$158,572"
12131,"$270,583"
12133,"$116,055"
13001,"$81,130"
13003,"$64,241"
13005,"$78,030"
13007,"$77,400"
13009,"$120,252"
13011,"$152,640"
13013,"$180,004"
13015,"$189,147"
13017,"$85,620"
13019,"$91,178"
13021,"$130,793"
13023,"$104,646"
13025,"$69,770"
13027,"$100,285"
13029,"$222,746"
13031,"$156,809"
13033,"$93,883"
13035,"$129,501"
13037,"$52,377"
13039,"$170,812"
13043,"$97,485"
13045,"$152,466"
13047,"$151,832"
13049,"$88,292"
13051,"$224,429"
13053,"$74,754"
13055,"$74,396"
13057,"$280,691"
13059,"$210,130"
13061,"$70,441"
13063,"$124,078"
13065,"$61,035"
13067,"$296,320"
13069,"$98,981"
13071,"$88,933"
13073,"$232,304"
13075,"$94,171"
13077,"$248,475"
13079,"$96,972"
13081,"$91,071"
13083,"$135,187"
13085,"$229,125"
13087,"$117,259"
13089,"$249,964"
13091,"$81,023"
13093,"$89,468"
13095,"$106,720"
13097,"$181,492"
13099,"$87,330"
13101,"$60,958"
13103,"$167,322"
13105,"$86,154"
13107,"$79,206"
13109,"$92,140"
13111,"$198,390"
13113,"$312,481"
13115,"$135,349"
13117,"$374,148"
13119,"$113,518"
13121,"$354,266"
13123,"$182,783"
13125,"$68,196"
13127,"$189,667"
13129,"$136,179"
13131,"$120,252"
13133,"$222,012"
13135,"$247,306"
13137,"$156,061"
13139,"$226,292"
13141,"$85,299"
13143,"$124,291"
13145,"$227,619"
13147,"$135,645"
13149,"$103,026"
13151,"$197,122"
13153,"$153,041"
13155,"$79,420"
13157,"$217,844"
13159,"$130,032"
13161,"$81,772"
13163,"$79,420"
13165,"$71,082"
13167,"$71,296"
13169,"$128,809"
13171,"$143,004"
13173,"$108,668"
13175,"$94,919"
13177,"$156,850"
13179,"$127,091"
13181,"$125,597"
13183,"$122,070"
13185,"$150,583"
13187,"$194,114"
13189,"$112,467"
13191,"$123,069"
13193,"$68,090"
13195,"$138,918"
13197,"$96,963"
13199,"$104,196"
13201,"$99,729"
13205,"$92,140"
13207,"$170,980"
13209,"$84,871"
13211,"$240,291"
13213,"$105,605"
13215,"$153,516"
13217,"$175,645"
13219,"$293,722"
13221,"$128,182"
13223,"$202,119"
13225,"$137,462"
13227,"$197,441"
13229,"$105,608"
13231,"$176,282"
13233,"$112,663"
13235,"$121,321"
13237,"$176,691"
13239,"$70,441"
13241,"$176,263"
13243,"$82,627"
13245,"$115,885"
13247,"$189,254"
13249,"$119,290"
13251,"$82,306"
13253,"$95,667"
13255,"$147,044"
13257,"$100,798"
13259,"$54,407"
13261,"$96,522"
13263,"$85,513"
13265,"$71,724"
13267,"$94,598"
13269,"$88,399"
13271,"$68,410"
13273,"$105,900"
13275,"$143,020"
13277,"$127,093"
13279,"$102,081"
13281,"$219,768"
13283,"$75,786"
13285,"$147,723"
13287,"$79,099"
13289,"$65,970"
13291,"$210,789"
13293,"$93,209"
13295,"$113,527"
13297,"$228,487"
13299,"$87,651"
13301,"$65,524"
13303,"$89,040"
13305,"$115,335"
13307,"$64,990"
13309,"$67,662"
13311,"$177,546"
13313,"$138,067"
13315,"$72,900"
13317,"$86,795"
13319,"$75,144"
13321,"$87,754"
15001,"$387,044"
15003,"$720,035"
15007,"$659,930"
15009,"$661,717"
16001,"$329,071"
16003,"$189,941"
16005,"$183,805"
16007,"$161,960"
16009,"$168,983"
16011,"$167,446"
16013,"$434,307"
16015,"$220,970"
16017,"$256,656"
16019,"$220,899"
16021,"$196,525"
16023,"$129,041"
16025,"$191,148"
16027,"$211,213"
16029,"$150,548"
16031,"$166,569"
16033,"$101,938"
16035,"$156,144"
16037,"$194,549"
16039,"$159,765"
16041,"$212,617"
16043,"$178,200"
16045,"$176,621"
16047,"$157,571"
16049,"$182,260"
16051,"$204,462"
16053,"$169,641"
16055,"$301,715"
16057,"$234,381"
16059,"$187,637"
16061,"$134,967"
16063,"$150,329"
16065,"$227,688"
16067,"$150,109"
16069,"$198,279"
16071,"$170,958"
16073,"$144,468"
16075,"$162,838"
16077,"$154,981"
16079,"$136,722"
16081,"$348,609"
16083,"$201,792"
16085,"$310,533"
16087,"$167,008"
17001,"$144,457"
17003,"$56,085"
17005,"$127,979"
17007,"$159,066"
17009,"$93,928"
17011,"$114,999"
17013,"$119,412"
17015,"$106,508"
17017,"$81,873"
17019,"$169,037"
17021,"$94,348"
17023,"$92,042"
17025,"$85,647"
17027,"$154,724"
17029,"$102,315"
17031,"$266,061"
17033,"$91,203"
17035,"$105,565"
17037,"$185,900"
17039,"$105,774"
17041,"$111,645"
17043,"$330,419"
17045,"$83,970"
17047,"$80,196"
17049,"$147,078"
17051,"$88,792"
17053,"$99,362"
17055,"$78,099"
17057,"$90,888"
17059,"$78,938"
17061,"$81,139"
17063,"$198,896"
17065,"$102,839"
17067,"$90,888"
17069,"$74,954"
17071,"$95,711"
17073,"$123,169"
17075,"$104,307"
17077,"$111,540"
17079,"$104,202"
17081,"$98,960"
17083,"$151,276"
17085,"$151,585"
17087,"$104,202"
17089,"$255,768"
17091,"$152,306"
17093,"$249,010"
17095,"$87,114"
17097,"$279,993"
17099,"$132,401"
17101,"$77,365"
17103,"$123,281"
17105,"$114,999"
17107,"$107,871"
17109,"$98,751"
17111,"$242,460"
17113,"$180,466"
17115,"$108,370"
17117,"$104,055"
17119,"$142,709"
17121,"$78,518"
17123,"$106,660"
17125,"$83,445"
17127,"$87,743"
17129,"$141,169"
17131,"$109,898"
17133,"$218,452"
17135,"$86,171"
17137,"$109,863"
17139,"$114,266"
17141,"$150,013"
17143,"$139,431"
17145,"$89,526"
17147,"$131,574"
17149,"$82,607"
17151,"$91,413"
17153,"$66,672"
17155,"$130,514"
17157,"$109,758"
17159,"$91,937"
17161,"$122,443"
17163,"$138,113"
17165,"$76,631"
17167,"$147,539"
17169,"$90,050"
17171,"$89,106"
17173,"$94,453"
17175,"$86,915"
17177,"$101,686"
17179,"$145,232"
17181,"$106,403"
17183,"$93,434"
17185,"$84,389"
17187,"$88,372"
17189,"$114,685"
17191,"$85,961"
17193,"$73,067"
17195,"$108,395"
17197,"$252,441"
17199,"$127,055"
17201,"$126,961"
17203,"$165,587"
18001,"$129,121"
18003,"$138,042"
18005,"$166,033"
18007,"$94,005"
18009,"$75,215"
18011,"$259,734"
18013,"$197,266"
18015,"$140,740"
18017,"$90,195"
18019,"$161,066"
18021,"$110,174"
18023,"$109,711"
18025,"$94,626"
18027,"$128,172"
18029,"$173,580"
18031,"$131,548"
18033,"$124,585"
18035,"$102,430"
18037,"$157,710"
18039,"$157,922"
18041,"$86,925"
18043,"$181,902"
18045,"$100,111"
18047,"$159,413"
18049,"$102,538"
18051,"$113,705"
18053,"$89,140"
18055,"$103,027"
18057,"$297,066"
18059,"$188,357"
18061,"$149,501"
18063,"$211,159"
18065,"$101,483"
18067,"$134,461"
18069,"$110,766"
18071,"$123,108"
18073,"$164,586"
18075,"$90,090"
18077,"$130,493"
18079,"$109,606"
18081,"$189,524"
18083,"$93,571"
18085,"$153,490"
18087,"$189,040"
18089,"$160,115"
18091,"$141,525"
18093,"$122,053"
18097,"$151,343"
18099,"$141,886"
18101,"$117,201"
18103,"$91,988"
18105,"$199,156"
18107,"$127,117"
18109,"$167,994"
18111,"$119,878"
18113,"$124,585"
18115,"$155,425"
18117,"$97,263"
18119,"$122,317"
18121,"$96,314"
18123,"$114,775"
18125,"$102,010"
18127,"$197,025"
18129,"$145,353"
18131,"$104,120"
18133,"$128,647"
18135,"$83,971"
18137,"$158,026"
18139,"$110,027"
18141,"$144,618"
18143,"$105,069"
18145,"$137,980"
18147,"$127,645"
18149,"$113,931"
18151,"$148,321"
18153,"$92,352"
18155,"$116,884"
18157,"$169,615"
18159,"$116,190"
18161,"$118,256"
18163,"$143,600"
18165,"$83,603"
18167,"$106,070"
18169,"$102,538"
18171,"$121,737"
18173,"$167,722"
18175,"$117,934"
18177,"$97,052"
18179,"$125,844"
18181,"$116,357"
18183,"$144,611"
19001,"$104,143"
19003,"$89,578"
19005,"$129,945"
19007,"$81,151"
19009,"$73,972"
19011,"$162,020"
19013,"$145,806"
19015,"$137,228"
19017,"$164,247"
19019,"$143,574"
19021,"$117,252"
19023,"$120,477"
19025,"$83,231"
19027,"$138,060"
19029,"$101,750"
19031,"$156,787"
19033,"$129,425"
19035,"$99,045"
19037,"$116,524"
19039,"$108,929"
19041,"$125,471"
19043,"$125,888"
19045,"$119,541"
19047,"$94,364"
19049,"$277,011"
19051,"$118,605"
19053,"$79,902"
19055,"$139,621"
19057,"$107,785"
19059,"$186,542"
19061,"$173,828"
19063,"$89,890"
19065,"$98,629"
19067,"$108,929"
19069,"$92,075"
19071,"$106,848"
19073,"$98,109"
19075,"$132,937"
19077,"$119,086"
19079,"$105,704"
19081,"$107,056"
19083,"$96,652"
19085,"$121,623"
19087,"$113,091"
19089,"$111,946"
19091,"$106,432"
19093,"$100,086"
19095,"$152,314"
19097,"$128,489"
19099,"$133,170"
19101,"$113,819"
19103,"$242,164"
19105,"$136,557"
19107,"$92,387"
19109,"$107,785"
19111,"$97,069"
19113,"$161,404"
19115,"$112,883"
19117,"$91,138"
19119,"$137,748"
19121,"$171,077"
19123,"$118,605"
19125,"$158,556"
19127,"$109,761"
19129,"$174,411"
19131,"$119,021"
19133,"$90,202"
19135,"$96,236"
19137,"$86,769"
19139,"$132,234"
19141,"$115,900"
19143,"$95,612"
19145,"$95,092"
19147,"$104,039"
19149,"$162,197"
19151,"$78,446"
19153,"$194,401"
19155,"$149,601"
19157,"$145,863"
19159,"$92,699"
19161,"$94,156"
19163,"$177,600"
19165,"$121,726"
19167,"$165,839"
19169,"$201,316"
19171,"$112,154"
19173,"$82,711"
19175,"$103,831"
19177,"$94,572"
19179,"$85,312"
19181,"$181,455"
19183,"$152,390"
19185,"$80,734"
19187,"$100,502"
19189,"$97,901"
19191,"$174,578"
19193,"$132,715"
19195,"$108,513"
19197,"$88,746"
20001,"$83,605"
20003,"$99,221"
20005,"$107,932"
20007,"$70,538"
20009,"$98,052"
20011,"$88,491"
20013,"$94,228"
20015,"$157,364"
20017,"$102,195"
20019,"$66,395"
20021,"$85,304"
20023,"$89,235"
20025,"$82,542"
20027,"$103,364"
20029,"$78,506"
20031,"$125,035"
20033,"$83,711"
20035,"$92,741"
20037,"$96,671"
20039,"$68,732"
20041,"$116,324"
20043,"$111,998"
20045,"$218,776"
20047,"$64,377"
20049,"$53,541"
20051,"$174,752"
20053,"$100,071"
20055,"$149,256"
20057,"$116,749"
20059,"$132,148"
20061,"$146,246"
20063,"$85,623"
20065,"$74,469"
20067,"$115,793"
20069,"$139,483"
20071,"$104,001"
20073,"$67,457"
20075,"$89,872"
20077,"$76,806"
20079,"$130,712"
20081,"$111,225"
20083,"$86,792"
20085,"$139,677"
20087,"$152,854"
20089,"$56,091"
20091,"$291,757"
20093,"$116,324"
20095,"$100,071"
20097,"$127,372"
20099,"$83,711"
20101,"$81,480"
20103,"$206,219"
20105,"$77,762"
20107,"$105,003"
20109,"$92,634"
20111,"$110,588"
20113,"$155,736"
20115,"$92,210"
20117,"$100,814"
20119,"$98,477"
20121,"$201,063"
20123,"$90,616"
20125,"$79,674"
20127,"$107,507"
20129,"$100,602"
20131,"$131,197"
20133,"$86,261"
20135,"$77,974"
20137,"$79,780"
20139,"$116,696"
20141,"$72,769"
20143,"$104,957"
20145,"$79,993"
20147,"$84,986"
20149,"$186,355"
20151,"$99,008"
20153,"$100,921"
20155,"$104,214"
20157,"$66,714"
20159,"$79,355"
20161,"$222,351"
20163,"$82,861"
20165,"$76,806"
20167,"$94,865"
20169,"$136,508"
20171,"$142,564"
20173,"$156,833"
20175,"$104,320"
20177,"$143,367"
20179,"$113,562"
20181,"$98,477"
20183,"$71,069"
20185,"$66,076"
20187,"$84,667"
20189,"$118,874"
20191,"$92,804"
20193,"$128,328"
20195,"$95,715"
20197,"$136,093"
20199,"$105,489"
20201,"$83,074"
20203,"$94,440"
20205,"$71,600"
20207,"$63,527"
20209,"$112,789"
21001,"$94,723"
21003,"$118,721"
21005,"$150,330"
21007,"$105,506"
21009,"$123,161"
21011,"$93,243"
21013,"$63,325"
21015,"$205,484"
21017,"$149,407"
21019,"$117,872"
21021,"$150,224"
21023,"$107,045"
21025,"$53,704"
21027,"$105,295"
21029,"$180,860"
21031,"$95,251"
21033,"$94,194"
21035,"$145,044"
21037,"$186,279"
21039,"$98,846"
21041,"$117,558"
21043,"$93,454"
21045,"$85,314"
21047,"$128,430"
21049,"$148,986"
21051,"$61,633"
21053,"$69,139"
21055,"$94,934"
21057,"$96,626"
21059,"$150,815"
21061,"$95,241"
21063,"$79,711"
21065,"$79,605"
21067,"$203,383"
21069,"$97,577"
21071,"$76,857"
21073,"$150,224"
21075,"$66,708"
21077,"$117,434"
21079,"$147,053"
21081,"$135,380"
21083,"$104,449"
21085,"$113,118"
21087,"$81,931"
21089,"$116,907"
21091,"$116,736"
21093,"$171,810"
21095,"$61,845"
21097,"$145,044"
21099,"$97,789"
21101,"$131,127"
21103,"$134,395"
21105,"$83,622"
21107,"$111,955"
21109,"$82,671"
21111,"$190,133"
21113,"$176,868"
21115,"$101,806"
21117,"$170,327"
21119,"$54,127"
21121,"$87,111"
21123,"$113,589"
21125,"$113,646"
21127,"$87,005"
21129,"$68,716"
21131,"$65,545"
21133,"$61,845"
21135,"$71,254"
21137,"$106,246"
21139,"$110,898"
21141,"$115,126"
21143,"$141,767"
21145,"$156,356"
21147,"$68,082"
21149,"$104,248"
21151,"$171,051"
21153,"$76,434"
21155,"$108,995"
21157,"$130,032"
21159,"$71,359"
21161,"$126,332"
21163,"$157,003"
21165,"$83,094"
21167,"$152,445"
21169,"$82,777"
21171,"$78,865"
21173,"$123,901"
21175,"$79,288"
21177,"$90,600"
21179,"$155,752"
21181,"$89,437"
21183,"$96,520"
21185,"$316,922"
21187,"$105,083"
21189,"$76,011"
21191,"$110,088"
21193,"$78,019"
21195,"$82,882"
21197,"$84,151"
21199,"$116,818"
21201,"$105,823"
21203,"$85,420"
21205,"$132,992"
21207,"$90,600"
21209,"$187,706"
21211,"$195,029"
21213,"$139,124"
21215,"$209,719"
21217,"$123,901"
21219,"$108,783"
21221,"$130,316"
21223,"$123,039"
21225,"$91,446"
21227,"$189,119"
21229,"$120,201"
21231,"$85,843"
21233,"$83,810"
21235,"$92,714"
21237,"$67,236"
21239,"$206,960"
22001,"$112,605"
22003,"$97,236"
22005,"$228,667"
22007,"$118,251"
22009,"$101,836"
22011,"$121,910"
22013,"$75,593"
22015,"$167,030"
22017,"$149,972"
22019,"$170,703"
22021,"$77,475"
22023,"$119,723"
22025,"$85,839"
22027,"$80,298"
22029,"$87,826"
22031,"$116,063"
22033,"$206,884"
22035,"$79,043"
22037,"$124,089"
22039,"$96,399"
22041,"$89,917"
22043,"$110,767"
22045,"$134,771"
22047,"$148,453"
22049,"$91,171"
22051,"$202,308"
22053,"$116,683"
22055,"$199,447"
22057,"$162,638"
22059,"$83,644"
22061,"$157,459"
22063,"$175,604"
22065,"$68,483"
22067,"$95,040"
22069,"$128,184"
22071,"$256,074"
22073,"$167,253"
22075,"$182,594"
22077,"$135,961"
22079,"$161,277"
22081,"$84,480"
22083,"$91,171"
22085,"$96,504"
22087,"$150,123"
22089,"$199,567"
22091,"$89,712"
22093,"$159,445"
22095,"$160,877"
22097,"$135,084"
22099,"$125,234"
22101,"$111,037"
22103,"$241,209"
22105,"$170,215"
22107,"$71,724"
22109,"$158,861"
22111,"$101,272"
22113,"$119,506"
22115,"$124,315"
22117,"$92,531"
22119,"$87,094"
22121,"$197,593"
22123,"$91,067"
22125,"$211,117"
22127,"$81,866"
23001,"$170,513"
23003,"$105,265"
23005,"$309,830"
23007,"$151,093"
23009,"$230,450"
23011,"$170,143"
23013,"$225,116"
23015,"$232,192"
23017,"$154,795"
23019,"$156,873"
23021,"$123,879"
23023,"$211,008"
23025,"$122,355"
23027,"$175,151"
23029,"$120,287"
23031,"$276,679"
24001,"$119,692"
24003,"$388,602"
24005,"$282,401"
24009,"$378,293"
24011,"$208,049"
24013,"$364,642"
24015,"$255,350"
24017,"$332,794"
24019,"$186,890"
24021,"$353,457"
24023,"$176,884"
24025,"$310,966"
24027,"$498,675"
24029,"$254,538"
24031,"$510,305"
24033,"$334,464"
24035,"$364,119"
24037,"$322,914"
24039,"$145,653"
24041,"$345,533"
24043,"$221,532"
24045,"$180,327"
24047,"$266,212"
24510,"$175,572"
25001,"$431,385"
25005,"$333,782"
25007,"$698,552"
25009,"$464,396"
25013,"$228,074"
25017,"$567,676"
25019,"$1,105,814"
25021,"$518,595"
25023,"$405,707"
25025,"$561,828"
25027,"$307,391"
26001,"$106,097"
26003,"$131,293"
26005,"$180,939"
26007,"$101,632"
26009,"$167,544"
26011,"$95,679"
26013,"$109,180"
26015,"$162,577"
26017,"$106,486"
26019,"$182,853"
26021,"$161,603"
26023,"$110,668"
26025,"$113,840"
26027,"$142,711"
26029,"$173,179"
26031,"$132,994"
26033,"$119,386"
26035,"$93,978"
26037,"$185,083"
26039,"$107,798"
26041,"$117,472"
26043,"$105,885"
26045,"$175,966"
26047,"$189,550"
26049,"$125,254"
26051,"$111,306"
26053,"$74,311"
26055,"$234,094"
26057,"$100,250"
26059,"$119,067"
26061,"$113,645"
26063,"$103,439"
26065,"$151,268"
26067,"$129,344"
26069,"$96,848"
26071,"$82,709"
26073,"$147,983"
26075,"$146,229"
26077,"$171,744"
26079,"$115,027"
26081,"$199,502"
26083,"$120,662"
26085,"$89,725"
26087,"$201,379"
26089,"$272,472"
26091,"$150,747"
26093,"$271,038"
26095,"$89,088"
26097,"$143,518"
26099,"$185,864"
26101,"$128,529"
26103,"$166,375"
26105,"$146,389"
26107,"$125,127"
26109,"$101,845"
26111,"$155,425"
26113,"$118,429"
26115,"$174,357"
26117,"$114,177"
26119,"$106,310"
26121,"$133,214"
26123,"$117,317"
26125,"$273,254"
26127,"$119,280"
26129,"$99,293"
26131,"$72,610"
26133,"$99,400"
26135,"$92,277"
26137,"$144,050"
26141,"$108,755"
26143,"$109,180"
26145,"$112,743"
26147,"$170,349"
26149,"$122,363"
26151,"$113,114"
26153,"$116,197"
26155,"$132,994"
26157,"$107,692"
26159,"$157,598"
26161,"$291,488"
26163,"$127,392"
26165,"$106,522"
27001,"$182,385"
27003,"$258,980"
27005,"$196,189"
27007,"$164,188"
27009,"$175,717"
27011,"$102,382"
27013,"$200,165"
27015,"$142,018"
27017,"$174,178"
27019,"$351,562"
27021,"$191,065"
27023,"$119,847"
27025,"$230,041"
27027,"$187,809"
27029,"$129,468"
27031,"$264,479"
27033,"$94,957"
27035,"$203,301"
27037,"$292,846"
27039,"$180,179"
27041,"$219,406"
27043,"$92,552"
27045,"$159,901"
27047,"$116,501"
27049,"$205,079"
27051,"$110,540"
27053,"$303,960"
27055,"$174,371"
27057,"$198,176"
27059,"$195,021"
27061,"$166,280"
27063,"$125,494"
27065,"$159,587"
27067,"$176,110"
27069,"$77,493"
27071,"$111,167"
27073,"$89,519"
27075,"$178,202"
27077,"$159,378"
27079,"$206,647"
27081,"$98,618"
27083,"$147,560"
27085,"$165,130"
27087,"$99,245"
27089,"$116,605"
27091,"$120,161"
27093,"$173,078"
27095,"$164,398"
27097,"$172,764"
27099,"$126,017"
27101,"$118,488"
27103,"$189,943"
27105,"$126,436"
27107,"$97,676"
27109,"$236,795"
27111,"$187,719"
27113,"$148,606"
27115,"$164,607"
27117,"$102,173"
27119,"$164,694"
27121,"$172,555"
27123,"$252,584"
27125,"$118,801"
27127,"$105,415"
27129,"$107,402"
27131,"$228,086"
27133,"$143,377"
27135,"$131,455"
27137,"$168,938"
27139,"$324,196"
27141,"$252,374"
27143,"$157,914"
27145,"$204,389"
27147,"$165,757"
27149,"$161,156"
27151,"$107,821"
27153,"$156,136"
27155,"$85,754"
27157,"$178,836"
27159,"$129,364"
27161,"$157,600"
27163,"$312,873"
27165,"$98,618"
27167,"$131,351"
27169,"$168,476"
27171,"$265,690"
27173,"$106,461"
28001,"$97,430"
28003,"$97,010"
28005,"$79,267"
28007,"$79,792"
28009,"$72,232"
28011,"$99,425"
28013,"$71,078"
28015,"$93,755"
28017,"$69,293"
28019,"$85,671"
28021,"$66,143"
28023,"$83,676"
28025,"$91,760"
28027,"$70,553"
28029,"$102,216"
28031,"$82,521"
28033,"$181,835"
28035,"$137,859"
28037,"$80,317"
28041,"$84,936"
28043,"$104,674"
28045,"$151,103"
28047,"$155,394"
28049,"$132,286"
28051,"$58,899"
28053,"$72,337"
28055,"$60,369"
28057,"$93,965"
28061,"$77,062"
28063,"$65,408"
28065,"$88,401"
28067,"$119,583"
28069,"$74,752"
28071,"$198,009"
28073,"$175,046"
28075,"$112,758"
28077,"$97,850"
28079,"$82,416"
28081,"$142,050"
28083,"$83,676"
28085,"$104,569"
28087,"$138,376"
28089,"$230,848"
28091,"$89,346"
28093,"$114,977"
28095,"$92,600"
28097,"$83,991"
28099,"$85,461"
28101,"$87,141"
28103,"$63,833"
28105,"$169,137"
28107,"$81,262"
28109,"$135,016"
28111,"$85,982"
28113,"$95,960"
28115,"$107,824"
28117,"$96,380"
28119,"$54,909"
28121,"$176,764"
28123,"$72,128"
28125,"$64,883"
28127,"$87,912"
28129,"$100,160"
28131,"$123,269"
28133,"$77,587"
28135,"$66,668"
28137,"$125,411"
28139,"$87,246"
28141,"$89,556"
28143,"$108,164"
28145,"$99,740"
28147,"$94,910"
28149,"$124,517"
28151,"$78,427"
28153,"$88,191"
28155,"$87,246"
28157,"$73,492"
28159,"$88,296"
28161,"$87,246"
28163,"$85,461"
29001,"$123,122"
29003,"$155,356"
29005,"$89,240"
29007,"$102,480"
29009,"$121,350"
29011,"$100,187"
29013,"$120,470"
29015,"$121,454"
29017,"$108,486"
29019,"$199,314"
29021,"$145,487"
29023,"$114,469"
29025,"$113,526"
29027,"$147,650"
29029,"$191,303"
29031,"$165,302"
29033,"$87,676"
29035,"$121,558"
29037,"$202,957"
29039,"$109,465"
29041,"$95,495"
29043,"$186,760"
29045,"$91,846"
29047,"$196,539"
29049,"$160,346"
29051,"$171,303"
29053,"$136,675"
29055,"$123,173"
29057,"$84,757"
29059,"$117,738"
29061,"$112,071"
29063,"$125,860"
29065,"$115,616"
29067,"$118,014"
29069,"$76,834"
29071,"$177,603"
29073,"$138,864"
29075,"$90,908"
29077,"$155,721"
29079,"$95,287"
29081,"$77,772"
29083,"$106,650"
29085,"$98,936"
29087,"$100,187"
29089,"$120,397"
29091,"$108,944"
29093,"$87,259"
29095,"$167,395"
29097,"$130,517"
29099,"$175,514"
29101,"$157,525"
29103,"$74,957"
29105,"$119,265"
29107,"$133,937"
29109,"$110,195"
29111,"$90,700"
29113,"$164,544"
29115,"$86,217"
29117,"$107,901"
29119,"$102,904"
29121,"$99,665"
29123,"$102,793"
29125,"$127,396"
29127,"$126,562"
29129,"$91,221"
29131,"$140,532"
29133,"$78,502"
29135,"$126,455"
29137,"$105,399"
29139,"$109,361"
29141,"$127,501"
29143,"$78,711"
29145,"$128,119"
29147,"$129,899"
29149,"$94,036"
29151,"$149,493"
29153,"$104,774"
29155,"$81,942"
29157,"$144,390"
29159,"$120,099"
29161,"$134,903"
29163,"$110,612"
29165,"$247,463"
29167,"$132,258"
29169,"$157,630"
29171,"$87,885"
29173,"$141,888"
29175,"$106,025"
29177,"$136,041"
29179,"$99,144"
29181,"$88,615"
29183,"$239,033"
29185,"$87,155"
29186,"$165,032"
29187,"$131,567"
29189,"$219,392"
29195,"$106,337"
29197,"$73,498"
29199,"$90,908"
29201,"$110,820"
29203,"$114,782"
29205,"$77,877"
29207,"$103,523"
29209,"$172,434"
29211,"$78,606"
29213,"$133,652"
29215,"$114,990"
29217,"$103,210"
29219,"$180,111"
29221,"$97,891"
29223,"$78,085"
29225,"$134,572"
29227,"$68,807"
29229,"$104,669"
29510,"$161,723"
30001,"$205,295"
30003,"$116,815"
30005,"$94,590"
30007,"$214,564"
30009,"$248,428"
30011,"$106,703"
30013,"$195,969"
30015,"$144,518"
30017,"$169,271"
30019,"$143,359"
30021,"$164,952"
30023,"$126,716"
30025,"$174,538"
30027,"$142,095"
30029,"$337,489"
30031,"$434,079"
30033,"$111,443"
30035,"$115,656"
30037,"$110,706"
30039,"$228,047"
30041,"$148,415"
30043,"$292,301"
30045,"$148,626"
30047,"$247,850"
30049,"$283,874"
30051,"$120,080"
30053,"$200,660"
30055,"$133,036"
30057,"$268,495"
30059,"$163,267"
30061,"$174,854"
30063,"$324,735"
30065,"$190,022"
30067,"$269,338"
30069,"$140,410"
30071,"$133,247"
30073,"$130,087"
30075,"$129,455"
30077,"$157,474"
30079,"$115,235"
30081,"$276,606"
30083,"$228,995"
30085,"$125,768"
30087,"$123,030"
30089,"$236,158"
30091,"$143,148"
30093,"$150,943"
30095,"$259,752"
30097,"$255,012"
30099,"$171,694"
30101,"$143,570"
30103,"$105,334"
30105,"$138,830"
30107,"$94,590"
30109,"$107,967"
30111,"$239,611"
31001,"$123,841"
31003,"$84,375"
31005,"$109,500"
31007,"$142,370"
31009,"$87,830"
31011,"$117,037"
31013,"$125,726"
31015,"$70,243"
31017,"$83,852"
31019,"$173,566"
31021,"$99,031"
31023,"$117,874"
31025,"$180,218"
31027,"$126,668"
31029,"$128,447"
31031,"$126,354"
31033,"$109,814"
31035,"$92,436"
31037,"$91,913"
31039,"$120,596"
31041,"$99,240"
31043,"$119,039"
31045,"$125,621"
31047,"$103,847"
31049,"$81,863"
31051,"$93,968"
31053,"$128,343"
31055,"$186,236"
31057,"$79,874"
31059,"$82,805"
31061,"$68,254"
31063,"$104,893"
31065,"$72,023"
31067,"$120,910"
31069,"$84,899"
31071,"$103,114"
31073,"$120,491"
31075,"$60,403"
31077,"$82,805"
31079,"$148,965"
31081,"$146,976"
31083,"$92,331"
31085,"$65,428"
31087,"$60,507"
31089,"$113,582"
31091,"$88,144"
31093,"$133,367"
31095,"$83,852"
31097,"$87,097"
31099,"$146,558"
31101,"$119,549"
31103,"$74,744"
31105,"$83,538"
31107,"$93,483"
31109,"$191,183"
31111,"$142,056"
31113,"$115,990"
31115,"$128,343"
31117,"$124,888"
31119,"$143,312"
31121,"$105,522"
31123,"$97,251"
31125,"$82,072"
31127,"$114,629"
31129,"$74,116"
31131,"$141,009"
31133,"$74,954"
31135,"$118,398"
31137,"$132,949"
31139,"$122,166"
31141,"$150,640"
31143,"$104,893"
31145,"$104,265"
31147,"$69,929"
31149,"$81,968"
31151,"$102,590"
31153,"$220,020"
31155,"$170,822"
31157,"$127,610"
31159,"$168,856"
31161,"$75,687"
31163,"$93,588"
31165,"$119,235"
31167,"$120,491"
31169,"$69,929"
31171,"$125,935"
31173,"$85,736"
31175,"$112,849"
31177,"$196,160"
31179,"$142,266"
31181,"$81,968"
31183,"$93,169"
31185,"$133,472"
32001,"$181,920"
32003,"$296,840"
32005,"$362,064"
32007,"$209,820"
32009,"$77,324"
32011,"$88,191"
32013,"$181,084"
32015,"$193,623"
32017,"$140,750"
32019,"$192,160"
32021,"$89,758"
32023,"$145,348"
32027,"$105,328"
32029,"$230,283"
32031,"$375,023"
32033,"$158,723"
32510,"$252,906"
33001,"$235,755"
33003,"$250,814"
33005,"$204,363"
33007,"$132,460"
33009,"$248,057"
33011,"$301,045"
33013,"$253,571"
33015,"$358,923"
33017,"$260,551"
33019,"$184,531"
34001,"$236,875"
34003,"$496,082"
34005,"$266,923"
34007,"$210,863"
34009,"$329,393"
34011,"$174,318"
34013,"$409,408"
34015,"$235,283"
34017,"$422,118"
34019,"$440,765"
34021,"$306,355"
34023,"$367,009"
34025,"$454,412"
34027,"$489,519"
34029,"$297,107"
34031,"$366,176"
34033,"$189,203"
34035,"$454,829"
34037,"$280,544"
34039,"$391,073"
34041,"$281,803"
35001,"$221,319"
35003,"$173,877"
35005,"$127,452"
35006,"$93,279"
35007,"$115,416"
35009,"$137,232"
35011,"$102,736"
35013,"$153,073"
35015,"$159,369"
35017,"$136,157"
35019,"$91,774"
35021,"$89,195"
35023,"$89,625"
35025,"$144,217"
35027,"$222,021"
35028,"$314,010"
35029,"$90,807"
35031,"$82,210"
35033,"$111,010"
35035,"$121,542"
35037,"$77,589"
35039,"$177,101"
35041,"$122,294"
35043,"$230,240"
35045,"$151,583"
35047,"$136,694"
35049,"$322,321"
35051,"$120,252"
35053,"$104,455"
35055,"$254,260"
35057,"$119,580"
35059,"$87,368"
35061,"$150,272"
36001,"$231,455"
36003,"$78,681"
36005,"$454,308"
36007,"$122,973"
36009,"$91,776"
36011,"$146,395"
36013,"$92,309"
36015,"$118,566"
36017,"$103,275"
36019,"$144,265"
36021,"$246,050"
36023,"$125,740"
36025,"$145,117"
36027,"$310,417"
36029,"$170,171"
36031,"$161,726"
36033,"$112,325"
36035,"$115,732"
36037,"$125,208"
36039,"$186,001"
36041,"$175,567"
36043,"$102,504"
36045,"$155,019"
36047,"$791,106"
36049,"$127,763"
36051,"$140,899"
36053,"$140,412"
36055,"$158,551"
36057,"$107,534"
36059,"$539,106"
36061,"$1,055,711"
36063,"$140,959"
36065,"$142,473"
36067,"$156,153"
36069,"$173,591"
36071,"$300,410"
36073,"$99,852"
36075,"$116,905"
36077,"$153,315"
36079,"$369,613"
36081,"$601,507"
36083,"$193,069"
36085,"$579,214"
36087,"$473,476"
36089,"$104,765"
36091,"$275,724"
36093,"$179,757"
36095,"$148,078"
36097,"$129,147"
36099,"$107,960"
36101,"$109,237"
36103,"$426,493"
36105,"$191,538"
36107,"$120,503"
36109,"$219,811"
36111,"$261,177"
36113,"$208,454"
36115,"$155,806"
36117,"$136,408"
36119,"$584,214"
36121,"$119,458"
36123,"$137,132"
37001,"$157,969"
37003,"$142,311"
37005,"$135,094"
37007,"$94,034"
37009,"$163,506"
37011,"$161,469"
37013,"$137,560"
37015,"$86,739"
37017,"$96,495"
37019,"$232,655"
37021,"$270,212"
37023,"$130,106"
37025,"$231,346"
37027,"$133,484"
37029,"$225,478"
37031,"$234,270"
37033,"$116,974"
37035,"$168,245"
37037,"$332,875"
37039,"$163,185"
37041,"$133,700"
37043,"$177,873"
37045,"$134,879"
37047,"$93,601"
37049,"$180,447"
37051,"$141,512"
37053,"$266,164"
37055,"$308,357"
37057,"$162,005"
37059,"$181,680"
37061,"$93,279"
37063,"$243,142"
37065,"$93,256"
37067,"$171,686"
37069,"$139,115"
37071,"$161,847"
37073,"$154,393"
37075,"$127,803"
37077,"$160,183"
37079,"$90,635"
37081,"$177,059"
37083,"$92,314"
37085,"$166,616"
37087,"$184,484"
37089,"$239,430"
37091,"$91,564"
37093,"$141,818"
37095,"$116,116"
37097,"$210,602"
37099,"$206,179"
37101,"$179,445"
37103,"$95,102"
37105,"$148,281"
37107,"$102,607"
37109,"$190,278"
37111,"$122,120"
37113,"$177,766"
37115,"$189,527"
37117,"$94,780"
37119,"$266,411"
37121,"$160,933"
37123,"$116,116"
37125,"$238,344"
37127,"$144,152"
37129,"$264,749"
37131,"$89,098"
37133,"$166,837"
37135,"$341,108"
37137,"$165,651"
37139,"$170,154"
37141,"$191,391"
37143,"$182,162"
37145,"$122,040"
37147,"$154,365"
37149,"$227,622"
37151,"$133,912"
37153,"$85,881"
37155,"$84,594"
37157,"$118,628"
37159,"$144,262"
37161,"$131,984"
37163,"$95,209"
37165,"$90,599"
37167,"$143,778"
37169,"$135,287"
37171,"$131,984"
37173,"$132,092"
37175,"$226,550"
37177,"$117,832"
37179,"$284,207"
37181,"$104,751"
37183,"$316,255"
37185,"$101,856"
37187,"$91,135"
37189,"$256,678"
37191,"$145,064"
37193,"$116,867"
37195,"$130,591"
37197,"$132,341"
37199,"$160,611"
38001,"$156,403"
38003,"$124,870"
38005,"$77,361"
38007,"$190,879"
38009,"$157,034"
38011,"$156,929"
38013,"$120,350"
38015,"$283,238"
38017,"$235,966"
38019,"$103,638"
38021,"$110,680"
38023,"$167,439"
38025,"$198,762"
38027,"$87,766"
38029,"$106,896"
38031,"$134,330"
38033,"$126,131"
38035,"$216,747"
38037,"$81,670"
38039,"$103,218"
38041,"$116,672"
38043,"$110,260"
38045,"$108,473"
38047,"$88,607"
38049,"$129,495"
38051,"$80,514"
38053,"$222,727"
38055,"$171,329"
38057,"$184,152"
38059,"$207,749"
38061,"$176,479"
38063,"$89,553"
38065,"$186,675"
38067,"$94,283"
38069,"$120,666"
38071,"$159,872"
38073,"$129,495"
38075,"$147,574"
38077,"$130,651"
38079,"$85,559"
38081,"$110,785"
38083,"$87,661"
38085,"$87,241"
38087,"$94,073"
38089,"$250,266"
38091,"$82,301"
38093,"$153,565"
38095,"$77,886"
38097,"$146,523"
38099,"$89,974"
38101,"$214,844"
38103,"$102,902"
38105,"$269,080"
39001,"$105,448"
39003,"$125,279"
39005,"$131,441"
39007,"$118,602"
39009,"$124,601"
39011,"$151,331"
39013,"$98,722"
39015,"$130,658"
39017,"$190,267"
39019,"$130,770"
39021,"$132,809"
39023,"$125,854"
39025,"$179,562"
39027,"$131,862"
39029,"$108,289"
39031,"$105,237"
39033,"$91,767"
39035,"$147,290"
39037,"$120,917"
39039,"$123,864"
39041,"$337,455"
39045,"$202,790"
39047,"$118,602"
39049,"$196,673"
39051,"$144,093"
39053,"$111,762"
39055,"$260,166"
39057,"$196,073"
39059,"$112,183"
39061,"$170,117"
39063,"$160,908"
39065,"$103,553"
39067,"$94,503"
39069,"$128,284"
39071,"$117,550"
39073,"$133,335"
39075,"$211,211"
39077,"$127,126"
39079,"$99,554"
39081,"$97,465"
39083,"$155,646"
39085,"$170,056"
39087,"$110,371"
39089,"$199,204"
39091,"$135,861"
39093,"$166,138"
39095,"$124,004"
39097,"$171,048"
39099,"$119,092"
39101,"$116,497"
39103,"$221,094"
39105,"$97,765"
39107,"$151,647"
39109,"$171,324"
39111,"$110,183"
39113,"$134,307"
39115,"$101,554"
39117,"$152,804"
39119,"$126,285"
39121,"$103,553"
39123,"$156,083"
39125,"$99,239"
39127,"$113,235"
39129,"$166,408"
39131,"$112,078"
39133,"$178,066"
39135,"$127,266"
39137,"$159,539"
39139,"$124,427"
39141,"$149,542"
39143,"$119,023"
39145,"$104,921"
39147,"$107,131"
39149,"$146,385"
39151,"$144,702"
39153,"$162,745"
39155,"$109,436"
39157,"$148,490"
39159,"$207,219"
39161,"$107,763"
39163,"$95,345"
39165,"$249,246"
39167,"$133,480"
39169,"$163,959"
39171,"$103,448"
39173,"$176,067"
39175,"$121,865"
40001,"$87,632"
40003,"$82,805"
40005,"$103,689"
40007,"$106,838"
40009,"$126,043"
40011,"$87,002"
40013,"$113,030"
40015,"$86,583"
40017,"$173,841"
40019,"$117,962"
40021,"$121,636"
40023,"$100,226"
40025,"$58,561"
40027,"$180,209"
40029,"$89,101"
40031,"$111,423"
40033,"$79,131"
40035,"$109,881"
40037,"$133,894"
40039,"$142,205"
40041,"$120,586"
40043,"$98,337"
40045,"$88,892"
40047,"$112,085"
40049,"$99,911"
40051,"$133,512"
40053,"$82,385"
40055,"$75,248"
40057,"$65,698"
40059,"$83,434"
40061,"$94,034"
40063,"$74,304"
40065,"$103,899"
40067,"$65,593"
40069,"$83,014"
40071,"$93,194"
40073,"$147,453"
40075,"$65,173"
40077,"$90,466"
40079,"$91,936"
40081,"$114,302"
40083,"$170,551"
40085,"$111,665"
40087,"$182,225"
40089,"$85,638"
40091,"$100,751"
40093,"$99,386"
40095,"$92,355"
40097,"$115,339"
40099,"$125,938"
40101,"$118,697"
40103,"$100,541"
40105,"$87,632"
40107,"$79,656"
40109,"$166,412"
40111,"$87,221"
40113,"$119,744"
40115,"$89,311"
40117,"$96,619"
40119,"$170,961"
40121,"$107,258"
40123,"$131,921"
40125,"$132,655"
40127,"$82,385"
40129,"$119,012"
40131,"$176,026"
40133,"$76,508"
40135,"$98,384"
40137,"$110,721"
40139,"$111,141"
40141,"$55,728"
40143,"$169,796"
40145,"$173,915"
40147,"$122,895"
40149,"$86,688"
40151,"$103,270"
40153,"$125,414"
41001,"$170,631"
41003,"$377,239"
41005,"$458,954"
41007,"$284,315"
41009,"$251,374"
41011,"$199,688"
41013,"$225,882"
41015,"$266,711"
41017,"$436,808"
41019,"$229,488"
41021,"$119,728"
41023,"$151,755"
41025,"$124,712"
41027,"$376,576"
41029,"$307,777"
41031,"$216,444"
41033,"$298,207"
41035,"$179,751"
41037,"$132,878"
41039,"$301,397"
41041,"$247,516"
41043,"$269,680"
41045,"$143,695"
41047,"$287,511"
41049,"$141,998"
41051,"$442,021"
41053,"$302,620"
41055,"$157,269"
41057,"$254,939"
41059,"$197,143"
41061,"$192,795"
41063,"$241,471"
41065,"$211,778"
41067,"$435,959"
41069,"$152,179"
41071,"$331,437"
42001,"$218,106"
42003,"$172,877"
42005,"$122,062"
42007,"$149,058"
42009,"$135,209"
42011,"$197,267"
42013,"$132,888"
42015,"$154,193"
42017,"$359,401"
42019,"$230,150"
42021,"$98,195"
42023,"$79,944"
42025,"$147,010"
42027,"$246,647"
42029,"$390,510"
42031,"$120,549"
42033,"$104,729"
42035,"$138,056"
42037,"$168,642"
42039,"$119,916"
42041,"$214,812"
42043,"$176,430"
42045,"$269,684"
42047,"$104,412"
42049,"$153,105"
42051,"$115,498"
42053,"$94,393"
42055,"$190,052"
42057,"$165,372"
42059,"$120,654"
42061,"$133,732"
42063,"$128,775"
42065,"$105,256"
42067,"$153,244"
42069,"$157,436"
42071,"$229,014"
42073,"$116,330"
42075,"$186,385"
42077,"$222,811"
42079,"$142,214"
42081,"$176,925"
42083,"$84,163"
42085,"$137,159"
42087,"$115,908"
42089,"$182,985"
42091,"$343,369"
42093,"$191,423"
42095,"$234,923"
42097,"$125,928"
42099,"$171,478"
42101,"$178,055"
42103,"$194,808"
42105,"$111,268"
42107,"$107,893"
42109,"$170,224"
42111,"$112,322"
42113,"$160,099"
42115,"$171,384"
42117,"$146,283"
42119,"$190,052"
42121,"$90,385"
42123,"$100,616"
42125,"$174,677"
42127,"$190,895"
42129,"$168,960"
42131,"$174,574"
42133,"$191,581"
44001,"$362,903"
44003,"$260,403"
44005,"$426,715"
44007,"$255,356"
44009,"$374,256"
45001,"$94,023"
45003,"$164,482"
45005,"$55,041"
45007,"$157,875"
45009,"$75,430"
45011,"$84,410"
45013,"$329,821"
45015,"$206,379"
45017,"$109,004"
45019,"$358,083"
45021,"$100,679"
45023,"$95,297"
45025,"$87,051"
45027,"$99,094"
45029,"$89,903"
45031,"$112,285"
45033,"$76,909"
45035,"$231,137"
45037,"$135,110"
45039,"$107,642"
45041,"$148,145"
45043,"$197,766"
45045,"$207,946"
45047,"$117,687"
45049,"$77,120"
45051,"$199,193"
45053,"$163,114"
45055,"$150,929"
45057,"$222,711"
45059,"$103,056"
45061,"$77,437"
45063,"$168,432"
45065,"$124,343"
45067,"$81,029"
45069,"$67,612"
45071,"$105,644"
45073,"$175,158"
45075,"$105,116"
45077,"$164,242"
45079,"$171,472"
45081,"$112,882"
45083,"$163,051"
45085,"$111,250"
45087,"$81,663"
45089,"$70,465"
45091,"$231,135"
46003,"$82,073"
46005,"$105,867"
46007,"$79,348"
46009,"$86,266"
46011,"$180,603"
46013,"$165,509"
46015,"$147,376"
46017,"$51,990"
46019,"$137,208"
46021,"$68,447"
46023,"$107,125"
46025,"$92,974"
46027,"$165,195"
46029,"$176,620"
46031,"$60,271"
46033,"$227,248"
46035,"$157,333"
46037,"$97,377"
46039,"$124,211"
46041,"$66,665"
46043,"$88,572"
46045,"$108,068"
46047,"$126,936"
46049,"$90,564"
46051,"$131,758"
46053,"$77,881"
46055,"$91,088"
46057,"$136,055"
46059,"$124,420"
46061,"$124,315"
46063,"$101,779"
46065,"$183,328"
46067,"$88,782"
46069,"$81,759"
46071,"$57,546"
46073,"$83,436"
46075,"$82,388"
46077,"$110,899"
46079,"$164,776"
46081,"$212,783"
46083,"$228,949"
46085,"$90,773"
46087,"$130,199"
46089,"$59,013"
46091,"$119,389"
46093,"$188,751"
46095,"$46,644"
46097,"$78,614"
46099,"$205,676"
46101,"$131,338"
46103,"$199,731"
46105,"$95,595"
46107,"$94,127"
46109,"$107,230"
46111,"$80,396"
46115,"$83,646"
46117,"$173,790"
46119,"$157,648"
46121,"$35,114"
46123,"$93,708"
46125,"$120,554"
46127,"$178,611"
46129,"$86,895"
46135,"$149,577"
46137,"$59,642"
47001,"$161,416"
47003,"$149,716"
47005,"$91,428"
47007,"$137,888"
47009,"$208,729"
47011,"$175,578"
47013,"$103,575"
47015,"$163,620"
47017,"$92,813"
47019,"$129,836"
47021,"$185,851"
47023,"$115,997"
47025,"$114,551"
47027,"$94,518"
47029,"$118,281"
47031,"$135,543"
47033,"$105,387"
47035,"$152,380"
47037,"$291,946"
47039,"$100,911"
47041,"$146,838"
47043,"$164,990"
47045,"$105,600"
47047,"$203,553"
47049,"$106,985"
47051,"$137,355"
47053,"$101,125"
47055,"$131,387"
47057,"$124,862"
47059,"$139,060"
47061,"$88,551"
47063,"$145,434"
47065,"$194,298"
47067,"$94,625"
47069,"$91,854"
47071,"$123,395"
47073,"$127,886"
47075,"$108,903"
47077,"$99,633"
47079,"$107,838"
47081,"$117,263"
47083,"$104,748"
47085,"$111,035"
47087,"$114,018"
47089,"$156,435"
47091,"$126,486"
47093,"$202,484"
47095,"$79,387"
47097,"$89,616"
47099,"$109,969"
47101,"$95,584"
47103,"$132,133"
47105,"$211,057"
47107,"$133,519"
47109,"$99,739"
47111,"$118,527"
47113,"$135,566"
47115,"$131,772"
47117,"$132,879"
47119,"$227,291"
47121,"$131,494"
47123,"$130,641"
47125,"$189,607"
47127,"$179,339"
47129,"$104,854"
47131,"$95,051"
47133,"$122,863"
47135,"$88,870"
47137,"$161,863"
47139,"$120,149"
47141,"$172,626"
47143,"$120,945"
47145,"$147,158"
47147,"$230,206"
47149,"$246,853"
47151,"$96,329"
47153,"$150,978"
47155,"$199,052"
47157,"$167,888"
47159,"$139,177"
47161,"$131,468"
47163,"$157,215"
47165,"$264,131"
47167,"$155,220"
47169,"$140,336"
47171,"$142,211"
47173,"$127,016"
47175,"$98,887"
47177,"$115,297"
47179,"$180,967"
47181,"$112,526"
47183,"$102,297"
47185,"$117,535"
47187,"$486,751"
47189,"$291,524"
48001,"$98,138"
48003,"$143,246"
48005,"$115,463"
48007,"$165,903"
48009,"$144,213"
48011,"$144,286"
48013,"$106,300"
48015,"$195,355"
48017,"$72,468"
48019,"$177,803"
48021,"$183,934"
48023,"$74,475"
48025,"$93,173"
48027,"$163,741"
48029,"$180,031"
48031,"$248,990"
48033,"$119,477"
48035,"$116,836"
48037,"$130,576"
48039,"$212,626"
48041,"$236,998"
48043,"$141,872"
48045,"$69,088"
48047,"$67,609"
48049,"$102,997"
48051,"$112,311"
48053,"$192,896"
48055,"$136,986"
48057,"$120,570"
48059,"$90,854"
48061,"$92,346"
48063,"$92,434"
48065,"$116,414"
48067,"$91,060"
48069,"$86,518"
48071,"$192,046"
48073,"$106,378"
48075,"$84,511"
48077,"$97,438"
48079,"$36,023"
48081,"$83,560"
48083,"$73,947"
48085,"$354,520"
48087,"$54,721"
48089,"$122,858"
48091,"$304,365"
48093,"$107,117"
48095,"$98,772"
48097,"$153,915"
48099,"$125,979"
48101,"$43,840"
48103,"$97,082"
48105,"$84,405"
48107,"$60,543"
48109,"$60,108"
48111,"$87,469"
48113,"$204,323"
48115,"$71,095"
48117,"$96,976"
48119,"$81,604"
48121,"$317,674"
48123,"$112,188"
48125,"$57,150"
48127,"$77,961"
48129,"$73,419"
48131,"$52,608"
48133,"$72,362"
48135,"$156,471"
48137,"$79,546"
48139,"$217,542"
48141,"$130,379"
48143,"$154,232"
48145,"$69,933"
48147,"$119,583"
48149,"$174,303"
48151,"$63,489"
48153,"$67,503"
48155,"$47,749"
48157,"$286,362"
48159,"$145,042"
48161,"$104,371"
48163,"$79,546"
48165,"$129,724"
48167,"$209,213"
48169,"$80,708"
48171,"$291,668"
48173,"$234,200"
48175,"$135,143"
48177,"$118,526"
48179,"$81,975"
48181,"$167,903"
48183,"$148,934"
48185,"$131,520"
48187,"$222,996"
48189,"$84,828"
48191,"$50,918"
48193,"$134,161"
48195,"$102,892"
48197,"$40,248"
48199,"$124,825"
48201,"$193,494"
48203,"$146,098"
48205,"$169,022"
48207,"$54,298"
48209,"$264,647"
48211,"$142,612"
48213,"$112,294"
48215,"$90,755"
48217,"$104,265"
48219,"$93,807"
48221,"$191,100"
48223,"$105,744"
48225,"$89,264"
48227,"$98,349"
48229,"$48,594"
48231,"$149,989"
48233,"$81,659"
48235,"$151,341"
48237,"$87,680"
48239,"$109,125"
48241,"$110,498"
48243,"$119,266"
48245,"$130,858"
48247,"$70,566"
48249,"$80,602"
48251,"$170,495"
48253,"$76,971"
48255,"$103,314"
48257,"$197,869"
48259,"$346,694"
48263,"$41,938"
48265,"$180,219"
48267,"$174,303"
48269,"$40,460"
48271,"$76,905"
48273,"$93,173"
48275,"$46,270"
48277,"$100,145"
48279,"$68,348"
48281,"$152,434"
48283,"$86,201"
48285,"$164,373"
48287,"$132,788"
48289,"$116,308"
48291,"$119,654"
48293,"$95,075"
48295,"$91,166"
48297,"$100,040"
48299,"$196,593"
48303,"$155,652"
48305,"$83,771"
48307,"$90,427"
48309,"$172,706"
48311,"$112,611"
48313,"$119,160"
48315,"$98,244"
48317,"$140,605"
48319,"$172,825"
48321,"$113,561"
48323,"$100,145"
48325,"$148,310"
48327,"$60,214"
48329,"$228,517"
48331,"$102,575"
48333,"$130,358"
48335,"$73,947"
48337,"$119,055"
48339,"$253,372"
48341,"$121,590"
48343,"$91,166"
48345,"$58,946"
48347,"$152,542"
48349,"$100,357"
48351,"$78,806"
48353,"$76,060"
48355,"$147,783"
48357,"$104,899"
48359,"$101,096"
48361,"$124,305"
48363,"$101,307"
48365,"$103,843"
48367,"$251,162"
48369,"$97,504"
48371,"$79,334"
48373,"$99,617"
48375,"$96,924"
48377,"$61,693"
48379,"$127,928"
48381,"$180,856"
48383,"$99,406"
48385,"$108,808"
48387,"$70,989"
48389,"$65,707"
48391,"$87,152"
48393,"$139,548"
48395,"$106,378"
48397,"$296,336"
48399,"$81,975"
48401,"$125,080"
48403,"$106,906"
48405,"$91,589"
48407,"$112,725"
48409,"$139,823"
48411,"$103,420"
48413,"$73,736"
48415,"$93,067"
48417,"$84,828"
48419,"$76,694"
48421,"$103,948"
48423,"$176,760"
48425,"$202,403"
48427,"$72,151"
48429,"$75,426"
48431,"$68,348"
48433,"$61,482"
48435,"$101,096"
48437,"$77,961"
48439,"$218,583"
48441,"$133,014"
48443,"$76,165"
48445,"$80,391"
48447,"$71,834"
48449,"$103,103"
48451,"$170,603"
48453,"$380,731"
48455,"$84,194"
48457,"$90,215"
48459,"$130,674"
48461,"$69,404"
48463,"$85,250"
48465,"$101,307"
48467,"$128,773"
48469,"$151,394"
48471,"$178,952"
48473,"$180,877"
48475,"$90,955"
48477,"$180,536"
48479,"$140,028"
48481,"$129,830"
48483,"$90,638"
48485,"$107,485"
48487,"$77,327"
48489,"$60,003"
48491,"$303,341"
48493,"$192,231"
48495,"$68,031"
48497,"$182,881"
48499,"$137,541"
48501,"$105,638"
48503,"$94,018"
48505,"$73,419"
48507,"$51,235"
49001,"$173,619"
49003,"$203,897"
49005,"$277,583"
49007,"$146,132"
49009,"$226,874"
49011,"$340,631"
49013,"$196,918"
49015,"$149,782"
49017,"$193,160"
49019,"$255,542"
49021,"$216,245"
49023,"$217,169"
49025,"$204,004"
49027,"$156,332"
49029,"$385,720"
49031,"$166,532"
49033,"$206,367"
49035,"$360,046"
49037,"$143,018"
49039,"$186,825"
49041,"$168,250"
49043,"$640,806"
49045,"$255,188"
49047,"$206,045"
49049,"$355,785"
49051,"$417,565"
49053,"$335,190"
49055,"$189,617"
49057,"$263,552"
50001,"$255,079"
50003,"$220,492"
50005,"$177,364"
50007,"$314,168"
50009,"$138,875"
50011,"$222,588"
50013,"$282,459"
50015,"$240,422"
50017,"$202,144"
50019,"$171,037"
50021,"$186,222"
50023,"$234,728"
50025,"$224,077"
50027,"$228,612"
51001,"$170,686"
51003,"$413,383"
51005,"$120,515"
51007,"$213,864"
51009,"$160,604"
51011,"$162,699"
51013,"$737,803"
51015,"$232,961"
51017,"$156,721"
51019,"$215,186"
51021,"$105,929"
51023,"$237,043"
51025,"$114,619"
51027,"$73,240"
51029,"$131,687"
51031,"$162,385"
51033,"$204,134"
51035,"$112,963"
51036,"$176,721"
51037,"$111,101"
51041,"$258,228"
51043,"$350,221"
51045,"$180,414"
51047,"$295,132"
51049,"$153,074"
51051,"$78,309"
51053,"$169,815"
51057,"$194,583"
51059,"$593,790"
51061,"$436,629"
51063,"$175,859"
51065,"$244,992"
51067,"$187,361"
51069,"$282,919"
51071,"$128,559"
51073,"$241,324"
51075,"$359,928"
51077,"$98,377"
51079,"$253,172"
51081,"$99,722"
51083,"$116,584"
51085,"$308,345"
51087,"$265,866"
51089,"$97,446"
51091,"$186,307"
51093,"$277,263"
51095,"$371,023"
51097,"$169,292"
51099,"$311,994"
51101,"$215,643"
51103,"$245,892"
51105,"$91,033"
51107,"$556,744"
51109,"$228,199"
51111,"$119,998"
51113,"$261,719"
51115,"$237,624"
51117,"$137,791"
51119,"$272,995"
51121,"$229,069"
51125,"$259,015"
51127,"$277,061"
51131,"$169,652"
51133,"$295,753"
51135,"$144,721"
51137,"$241,858"
51139,"$174,514"
51141,"$120,412"
51145,"$283,967"
51147,"$166,962"
51149,"$228,303"
51153,"$412,001"
51155,"$153,846"
51157,"$372,200"
51159,"$188,169"
51161,"$206,729"
51163,"$220,341"
51165,"$222,551"
51167,"$100,240"
51169,"$101,791"
51171,"$215,065"
51173,"$98,274"
51175,"$175,342"
51177,"$308,270"
51179,"$364,101"
51181,"$201,262"
51183,"$132,148"
51185,"$98,584"
51187,"$250,456"
51191,"$152,363"
51193,"$218,168"
51195,"$88,550"
51197,"$135,308"
51199,"$344,597"
51510,"$586,277"
51520,"$120,985"
51530,"$126,308"
51540,"$301,512"
51550,"$290,265"
51570,"$175,779"
51580,"$76,757"
51595,"$128,067"
51600,"$556,535"
51610,"$790,294"
51620,"$174,100"
51630,"$361,596"
51640,"$104,584"
51650,"$197,034"
51660,"$210,199"
51670,"$125,242"
51678,"$210,617"
51680,"$183,861"
51683,"$326,741"
51685,"$293,764"
51690,"$89,791"
51700,"$216,589"
51710,"$224,622"
51720,"$94,860"
51730,"$113,210"
51735,"$343,540"
51740,"$193,017"
51750,"$174,883"
51760,"$267,749"
51770,"$138,310"
51775,"$186,098"
51790,"$170,480"
51800,"$280,752"
51810,"$301,681"
51820,"$173,376"
51830,"$317,220"
51840,"$252,527"
53001,"$164,690"
53003,"$198,936"
53005,"$281,597"
53007,"$339,970"
53009,"$300,386"
53011,"$374,709"
53013,"$182,065"
53015,"$265,103"
53017,"$266,368"
53019,"$183,557"
53021,"$239,443"
53023,"$148,274"
53025,"$214,897"
53027,"$206,049"
53029,"$418,387"
53031,"$331,619"
53033,"$656,455"
53035,"$393,038"
53037,"$293,138"
53039,"$251,459"
53041,"$262,651"
53043,"$163,944"
53045,"$246,022"
53047,"$184,943"
53049,"$182,065"
53051,"$222,145"
53053,"$349,724"
53055,"$501,532"
53057,"$359,395"
53059,"$295,169"
53061,"$470,225"
53063,"$267,676"
53065,"$199,334"
53067,"$336,060"
53069,"$220,653"
53071,"$223,637"
53073,"$387,936"
53075,"$221,932"
53077,"$201,389"
54001,"$109,117"
54003,"$185,832"
54005,"$69,435"
54007,"$96,831"
54009,"$100,188"
54011,"$129,230"
54013,"$76,528"
54015,"$81,553"
54017,"$121,611"
54019,"$94,228"
54021,"$95,061"
54023,"$142,956"
54025,"$125,464"
54027,"$153,244"
54029,"$100,188"
54031,"$131,607"
54033,"$120,674"
54035,"$125,984"
54037,"$251,083"
54039,"$118,804"
54041,"$109,117"
54043,"$81,156"
54045,"$93,811"
54047,"$35,192"
54049,"$117,446"
54051,"$103,533"
54053,"$80,588"
54055,"$95,998"
54057,"$141,970"
54059,"$78,922"
54061,"$214,575"
54063,"$112,553"
54065,"$188,240"
54067,"$96,935"
54069,"$119,669"
54071,"$127,338"
54073,"$113,713"
54075,"$129,420"
54077,"$114,813"
54079,"$162,709"
54081,"$109,325"
54083,"$103,286"
54085,"$89,334"
54087,"$97,664"
54089,"$99,330"
54091,"$107,867"
54093,"$121,924"
54095,"$101,412"
54097,"$117,238"
54099,"$104,799"
54101,"$69,968"
54103,"$105,160"
54105,"$91,502"
54107,"$136,562"
54109,"$69,968"
55001,"$131,554"
55003,"$115,780"
55005,"$157,949"
55007,"$174,879"
55009,"$189,209"
55011,"$163,943"
55013,"$164,153"
55015,"$179,911"
55017,"$166,304"
55019,"$127,558"
55021,"$194,972"
55023,"$137,863"
55025,"$286,933"
55027,"$182,766"
55029,"$217,784"
55031,"$150,598"
55033,"$170,147"
55035,"$184,922"
55037,"$137,548"
55039,"$168,286"
55041,"$136,917"
55043,"$151,429"
55045,"$175,510"
55047,"$149,957"
55049,"$181,939"
55051,"$118,935"
55053,"$140,072"
55055,"$208,846"
55057,"$130,502"
55059,"$187,147"
55061,"$165,400"
55063,"$193,098"
55065,"$141,544"
55067,"$119,040"
55069,"$147,012"
55071,"$136,601"
55073,"$172,852"
55075,"$123,141"
55077,"$158,054"
55078,"$108,629"
55079,"$169,198"
55081,"$157,107"
55083,"$162,883"
55085,"$176,457"
55087,"$182,820"
55089,"$307,075"
55091,"$156,371"
55093,"$207,079"
55095,"$173,197"
55097,"$187,919"
55099,"$129,030"
55101,"$193,955"
55103,"$143,857"
55105,"$161,240"
55107,"$116,095"
55109,"$273,973"
55111,"$183,502"
55113,"$173,197"
55115,"$143,647"
55117,"$174,659"
55119,"$138,705"
55121,"$159,211"
55123,"$160,157"
55125,"$217,574"
55127,"$215,576"
55129,"$160,578"
55131,"$251,300"
55133,"$302,288"
55135,"$153,111"
55137,"$150,482"
55139,"$156,426"
55141,"$136,076"
56001,"$238,008"
56003,"$162,169"
56005,"$230,980"
56007,"$173,812"
56009,"$218,078"
56011,"$230,980"
56013,"$203,603"
56015,"$176,435"
56017,"$159,232"
56019,"$270,421"
56021,"$262,044"
56023,"$243,043"
56025,"$224,582"
56027,"$151,994"
56029,"$267,274"
56031,"$182,204"
56033,"$274,302"
56035,"$285,946"
56037,"$215,875"
56039,"$867,907"
56041,"$186,190"
56043,"$170,665"
56045,"$178,218"